{"information": {"../../datasets/patin-flow-dataset/images/valid\\patin-flow_mp4-0000_jpg.rf.f81aef64ec1dc57724e24d721a68fd47.jpg": {"shape": [640, 640], "labels": []}, "../../datasets/patin-flow-dataset/images/valid\\patin-flow_mp4-0001_jpg.rf.9cc8b984c72d895f8463008c7f6214f9.jpg": {"shape": [640, 640], "labels": []}, "../../datasets/patin-flow-dataset/images/valid\\patin-flow_mp4-0004_jpg.rf.9a03cd9655c4d3034cb3c915f3ff4da5.jpg": {"shape": [640, 640], "labels": []}, "../../datasets/patin-flow-dataset/images/valid\\patin-flow_mp4-0006_jpg.rf.c3ce47cdff28883890a896b4a813fbc7.jpg": {"shape": [640, 640], "labels": []}, "../../datasets/patin-flow-dataset/images/valid\\patin-flow_mp4-0010_jpg.rf.c6e9f0b2f1e5a500ed270eb1d59ab0a1.jpg": {"shape": [640, 640], "labels": []}, "../../datasets/patin-flow-dataset/images/valid\\patin-flow_mp4-0012_jpg.rf.243807016fa20298cf84fd8db027588a.jpg": {"shape": [640, 640], "labels": []}, "../../datasets/patin-flow-dataset/images/valid\\patin-flow_mp4-0013_jpg.rf.bf602cf816386dd31aecfa365ab78bf5.jpg": {"shape": [640, 640], "labels": []}, "../../datasets/patin-flow-dataset/images/valid\\patin-flow_mp4-0017_jpg.rf.1dfcac380412fbaa2cc71e50c758b649.jpg": {"shape": [640, 640], "labels": []}, "../../datasets/patin-flow-dataset/images/valid\\patin-flow_mp4-0019_jpg.rf.7a4ac192e825b9edb802277e7ff4f534.jpg": {"shape": [640, 640], "labels": [[0.0, 0.14631250500679016, 0.4781562387943268, 0.23010937869548798, 0.1921093761920929], [0.0, 0.17614062130451202, 0.7650937438011169, 0.19885937869548798, 0.17790624499320984], [0.0, 0.3700312376022339, 0.8645312786102295, 0.15198437869548798, 0.2375781238079071]]}, "../../datasets/patin-flow-dataset/images/valid\\patin-flow_mp4-0025_jpg.rf.8b8237d9776d33ac89806cfead41cacd.jpg": {"shape": [640, 640], "labels": [[0.0, 0.1882031261920929, 0.7459218502044678, 0.1491406261920929, 0.3128593862056732]]}, "../../datasets/patin-flow-dataset/images/valid\\patin-flow_mp4-0029_jpg.rf.9d615ee93838c94108a5d0579915aea8.jpg": {"shape": [640, 640], "labels": [[0.0, 0.1242968738079071, 0.6599843502044678, 0.18323437869548798, 0.3057500123977661]]}, "../../datasets/patin-flow-dataset/images/valid\\patin-flow_mp4-0048_jpg.rf.7eb6cc75810838bab03a8b7ac63a92bd.jpg": {"shape": [640, 640], "labels": []}, "../../datasets/patin-flow-dataset/images/valid\\patin-flow_mp4-0051_jpg.rf.a1e5430f0d117154f390c16a0e5a750b.jpg": {"shape": [640, 640], "labels": []}, "../../datasets/patin-flow-dataset/images/valid\\patin-flow_mp4-0052_jpg.rf.5747207f1c99073a99992edc43a5606e.jpg": {"shape": [640, 640], "labels": []}, "../../datasets/patin-flow-dataset/images/valid\\patin-flow_mp4-0055_jpg.rf.b7b2b2fd6ac4b1d4316dd3ad9d983afc.jpg": {"shape": [640, 640], "labels": []}, "../../datasets/patin-flow-dataset/images/valid\\patin-flow_mp4-0063_jpg.rf.cb4df99db609dfe0ab2f04c07f4abeb7.jpg": {"shape": [640, 640], "labels": []}, "../../datasets/patin-flow-dataset/images/valid\\patin-flow_mp4-0076_jpg.rf.2df98a0e30381f3de761f593e1eeab14.jpg": {"shape": [640, 640], "labels": [[0.0, 0.6285468935966492, 0.49592188000679016, 0.11506249755620956, 0.32421875], [0.0, 0.26704686880111694, 0.23881250619888306, 0.19318750500679016, 0.24751561880111694]]}, "../../datasets/patin-flow-dataset/images/valid\\patin-flow_mp4-0077_jpg.rf.b681bf0e2295ba0134133938731801cb.jpg": {"shape": [640, 640], "labels": [[0.0, 0.14985936880111694, 0.8943593502044678, 0.08948437869548798, 0.15234375]]}, "../../datasets/patin-flow-dataset/images/valid\\patin-flow_mp4-0078_jpg.rf.5b1aaf7ea119b19ce3d07f5f0c61d840.jpg": {"shape": [640, 640], "labels": [[0.0, 0.11079687625169754, 0.5278750061988831, 0.15056249499320984, 0.29154688119888306], [0.0, 0.22443750500679016, 0.708984375, 0.13920313119888306, 0.27592188119888306], [0.0, 0.16051562130451202, 0.9021718502044678, 0.12784375250339508, 0.14807812869548798]]}, "../../datasets/patin-flow-dataset/images/valid\\patin-flow_mp4-0084_jpg.rf.2fc8c974d7a326ddfd04d5c43f18e6ed.jpg": {"shape": [640, 640], "labels": [[0.0, 0.4268437623977661, 0.15856249630451202, 0.16903124749660492, 0.14098437130451202], [0.0, 0.20739062130451202, 0.1535937488079071, 0.24431249499320984, 0.11967187374830246], [0.0, 0.1484375, 0.333984375, 0.15767186880111694, 0.21057812869548798], [0.0, 0.1008593738079071, 0.8673593997955322, 0.08239062130451202, 0.19779688119888306], [0.0, 0.1711718738079071, 0.857421875, 0.08381249755620956, 0.19495312869548798]]}, "../../datasets/patin-flow-dataset/images/valid\\patin-flow_mp4-0098_jpg.rf.30fdaa2e2d53aefc38f7dee97f263566.jpg": {"shape": [640, 640], "labels": [[0.0, 0.11434374749660492, 0.8801562786102295, 0.08096875250339508, 0.17790624499320984], [0.0, 0.19104687869548798, 0.18057812750339508, 0.13778124749660492, 0.17081250250339508], [0.0, 0.5177500247955322, 0.185546875, 0.24857813119888306, 0.16370312869548798], [0.0, 0.6875, 0.14293749630451202, 0.13068750500679016, 0.09268750250339508]]}, "../../datasets/patin-flow-dataset/images/valid\\patin-flow_mp4-0103_jpg.rf.0de279293f1fbb3b3e4471b02622fd06.jpg": {"shape": [640, 640], "labels": []}, "../../datasets/patin-flow-dataset/images/valid\\patin-flow_mp4-0112_jpg.rf.f898a430e172b29a22ca97eef40eb4b8.jpg": {"shape": [640, 640], "labels": []}, "../../datasets/patin-flow-dataset/images/valid\\patin-flow_mp4-0128_jpg.rf.e2affb1666437b1def86e7c4cea477bd.jpg": {"shape": [640, 640], "labels": []}, "../../datasets/patin-flow-dataset/images/valid\\patin-flow_mp4-0140_jpg.rf.a3627757e6773d63d064bd95b0fed44a.jpg": {"shape": [640, 640], "labels": []}, "../../datasets/patin-flow-dataset/images/valid\\patin-flow_mp4-0141_jpg.rf.c75f9ae0071c694aedc5da95dd843b49.jpg": {"shape": [640, 640], "labels": []}, "../../datasets/patin-flow-dataset/images/valid\\patin-flow_mp4-0146_jpg.rf.1e41d9cc6151aa1a24f67f852db291ea.jpg": {"shape": [640, 640], "labels": [[0.0, 0.1960156261920929, 0.8765937685966492, 0.15909375250339508, 0.18785937130451202]]}, "../../datasets/patin-flow-dataset/images/valid\\patin-flow_mp4-0148_jpg.rf.7e791d0e34707c1d6ea190a246747913.jpg": {"shape": [640, 640], "labels": [[0.0, 0.16832812130451202, 0.4071406126022339, 0.3082343637943268, 0.1608593761920929], [0.0, 0.4019843637943268, 0.9362499713897705, 0.09659375250339508, 0.11682812869548798]]}, "../../datasets/patin-flow-dataset/images/valid\\patin-flow_mp4-0157_jpg.rf.7b47af58f1c199f8179d178da5abd376.jpg": {"shape": [640, 640], "labels": []}, "../../datasets/patin-flow-dataset/images/valid\\patin-flow_mp4-0167_jpg.rf.e652cf3bd10c8673ab7ed15ed036f236.jpg": {"shape": [640, 640], "labels": [[0.0, 0.18962499499320984, 0.6962031126022339, 0.1491406261920929, 0.39240625500679016]]}, "../../datasets/patin-flow-dataset/images/valid\\patin-flow_mp4-0169_jpg.rf.488a38c510c4e34be409dc310ab2127a.jpg": {"shape": [640, 640], "labels": [[0.0, 0.5823906064033508, 0.25798436999320984, 0.1477343738079071, 0.2233593761920929]]}, "../../datasets/patin-flow-dataset/images/valid\\patin-flow_mp4-0170_jpg.rf.305d82fe2c6d7ba4ae4816a28af18391.jpg": {"shape": [640, 640], "labels": []}, "../../datasets/patin-flow-dataset/images/valid\\patin-flow_mp4-0172_jpg.rf.3fa37a7ff5fc3625e3b0a196f1fb494f.jpg": {"shape": [640, 640], "labels": [[0.0, 0.15270312130451202, 0.8851249814033508, 0.1321093738079071, 0.14807812869548798]]}, "../../datasets/patin-flow-dataset/images/valid\\patin-flow_mp4-0174_jpg.rf.fcd84bc901567813a473d394d37c5416.jpg": {"shape": [640, 640], "labels": []}, "../../datasets/patin-flow-dataset/images/valid\\patin-flow_mp4-0179_jpg.rf.e21c3f9147f09074f916e4c2980ff1b0.jpg": {"shape": [640, 640], "labels": [[0.0, 0.1321093738079071, 0.23100000619888306, 0.12784375250339508, 0.20064061880111694], [0.0, 0.2549687623977661, 0.18909375369548798, 0.13778124749660492, 0.1764843761920929], [0.0, 0.46732813119888306, 0.15074999630451202, 0.3238593637943268, 0.12535937130451202], [0.0, 0.3821093738079071, 0.9256093502044678, 0.1164843738079071, 0.11824999749660492]]},