{"information": {"../../datasets/patin-flow-dataset-2/images/valid\\patin-flow-2_mp4-0000_jpg.rf.31776eab543c36af6d20c9c206b802bd.jpg": {"shape": [640, 640], "labels": []}, "../../datasets/patin-flow-dataset-2/images/valid\\patin-flow-2_mp4-0007_jpg.rf.9dbc6789117cdd43e06f09ad10ad3ae6.jpg": {"shape": [640, 640], "labels": []}, "../../datasets/patin-flow-dataset-2/images/valid\\patin-flow-2_mp4-0010_jpg.rf.dab7663ed2e3e65cb594f93c19ce2586.jpg": {"shape": [640, 640], "labels": []}, "../../datasets/patin-flow-dataset-2/images/valid\\patin-flow-2_mp4-0011_jpg.rf.8df1f782cc518b13454fba4c8cbcb67d.jpg": {"shape": [640, 640], "labels": [[0.0, 0.13778124749660492, 0.8375312685966492, 0.11079687625169754, 0.24324999749660492]]}, "../../datasets/patin-flow-dataset-2/images/valid\\patin-flow-2_mp4-0019_jpg.rf.1f9e61c9333d35128ecd1d2fd6367cb5.jpg": {"shape": [640, 640], "labels": [[0.0, 0.3934687376022339, 0.21821874380111694, 0.26704686880111694, 0.1438281238079071], [0.0, 0.8565312623977661, 0.6216250061988831, 0.19885937869548798, 0.2659843862056732]]}, "../../datasets/patin-flow-dataset-2/images/valid\\patin-flow-2_mp4-0034_jpg.rf.d2f502dcea0c6ce495ea1991c49b2f97.jpg": {"shape": [640, 640], "labels": [[0.0, 0.5234375, 0.15074999630451202, 0.171875, 0.10262499749660492], [0.0, 0.8472968935966492, 0.8751718997955322, 0.09517187625169754, 0.2219531238079071]]}, "../../datasets/patin-flow-dataset-2/images/valid\\patin-flow-2_mp4-0035_jpg.rf.284e3ef0052e42fc8c2b27dab65c4596.jpg": {"shape": [640, 640], "labels": [[0.0, 0.7457343935966492, 0.677734375, 0.24715624749660492, 0.1764843761920929]]}, "../../datasets/patin-flow-dataset-2/images/valid\\patin-flow-2_mp4-0041_jpg.rf.2eff3800e804b3b8ed629de44b9178b9.jpg": {"shape": [640, 640], "labels": []}, "../../datasets/patin-flow-dataset-2/images/valid\\patin-flow-2_mp4-0044_jpg.rf.0822beb1d94968fb37bf96a7daf9cc5f.jpg": {"shape": [640, 640], "labels": [[0.0, 0.7940312623977661, 0.263671875, 0.20170313119888306, 0.20915624499320984], [0.0, 0.1647656261920929, 0.41850000619888306, 0.12215624749660492, 0.29154688119888306], [0.0, 0.1477343738079071, 0.7366874814033508, 0.20454686880111694, 0.23189061880111694], [0.0, 0.6044062376022339, 0.8849375247955322, 0.14631250500679016, 0.23010937869548798]]}, "../../datasets/patin-flow-dataset-2/images/valid\\patin-flow-2_mp4-0048_jpg.rf.e23f2bee64aa91d601258ccfce4751a9.jpg": {"shape": [640, 640], "labels": [[0.0, 0.38139063119888306, 0.576171875, 0.20881250500679016, 0.30290624499320984], [0.0, 0.6427500247955322, 0.9106875061988831, 0.12073437869548798, 0.1764843761920929]]}, "../../datasets/patin-flow-dataset-2/images/valid\\patin-flow-2_mp4-0056_jpg.rf.a5e38a84dc72c899151bbe917b9d39e1.jpg": {"shape": [640, 640], "labels": [[0.0, 0.11576562374830246, 0.2601250112056732, 0.11221875250339508, 0.29296875], [0.0, 0.20596875250339508, 0.8219062685966492, 0.3238593637943268, 0.22904688119888306]]}, "../../datasets/patin-flow-dataset-2/images/valid\\patin-flow-2_mp4-0057_jpg.rf.e741ab3f67fc9370ac2b6a40e26a7e10.jpg": {"shape": [640, 640], "labels": [[0.0, 0.2620781362056732, 0.5342656373977661, 0.3821093738079071, 0.13671875]]}, "../../datasets/patin-flow-dataset-2/images/valid\\patin-flow-2_mp4-0060_jpg.rf.668fe5ae25c79e01705467d23f136f9f.jpg": {"shape": [640, 640], "labels": [[0.0, 0.8508594036102295, 0.8346874713897705, 0.11364062130451202, 0.2801874876022339]]}, "../../datasets/patin-flow-dataset-2/images/valid\\patin-flow-2_mp4-0064_jpg.rf.7d5c2f1f89277ed47209ff624bbcf794.jpg": {"shape": [640, 640], "labels": []}, "../../datasets/patin-flow-dataset-2/images/valid\\patin-flow-2_mp4-0069_jpg.rf.62fce030613b505ffeaab8e534d7e105.jpg": {"shape": [640, 640], "labels": []}, "../../datasets/patin-flow-dataset-2/images/valid\\patin-flow-2_mp4-0073_jpg.rf.9974f152a25d9e87b9fffbb4e2a52fe5.jpg": {"shape": [640, 640], "labels": []}, "../../datasets/patin-flow-dataset-2/images/valid\\patin-flow-2_mp4-0078_jpg.rf.04846ffa892bd2efae92a26970dd2c05.jpg": {"shape": [640, 640], "labels": []}, "../../datasets/patin-flow-dataset-2/images/valid\\patin-flow-2_mp4-0084_jpg.rf.40ed740b20d92ab6bde23c5512d966e6.jpg": {"shape": [640, 640], "labels": []}, "../../datasets/patin-flow-dataset-2/images/valid\\patin-flow-2_mp4-0086_jpg.rf.47304a79dd458bc5583987f3778e75de.jpg": {"shape": [640, 640], "labels": []}, "../../datasets/patin-flow-dataset-2/images/valid\\patin-flow-2_mp4-0087_jpg.rf.fc78c865f034b4ff07afde23b0689713.jpg": {"shape": [640, 640], "labels": []}, "../../datasets/patin-flow-dataset-2/images/valid\\patin-flow-2_mp4-0092_jpg.rf.5b37dcb5d2d45cea80a240fcd4a377cf.jpg": {"shape": [640, 640], "labels": []}, "../../datasets/patin-flow-dataset-2/images/valid\\patin-flow-2_mp4-0094_jpg.rf.3b8ed96965fe45036b10ec4d86f95b8c.jpg": {"shape": [640, 640], "labels": []}, "../../datasets/patin-flow-dataset-2/images/valid\\patin-flow-2_mp4-0100_jpg.rf.7aa878f8ef8bb4dd47f241299a0d770d.jpg": {"shape": [640, 640], "labels": []}, "../../datasets/patin-flow-dataset-2/images/valid\\patin-flow-2_mp4-0122_jpg.rf.a6b002d37eb2ea50498a1167e9115a91.jpg": {"shape": [640, 640], "labels": [[0.0, 0.4133593738079071, 0.6031562685966492, 0.22443750500679016, 0.19779688119888306], [0.0, 0.20951563119888306, 0.310546875, 0.30256250500679016, 0.12678125500679016]]}, "../../datasets/patin-flow-dataset-2/images/valid\\patin-flow-2_mp4-0130_jpg.rf.c6037faa175b8c48fbfb1331af343d7c.jpg": {"shape": [640, 640], "labels": [[0.0, 0.29899999499320984, 0.34748438000679016, 0.17471875250339508, 0.32564061880111694], [0.0, 0.4069531261920929, 0.216796875, 0.140625, 0.2233593761920929], [0.0, 0.21520312130451202, 0.18199999630451202, 0.24006250500679016, 0.16512499749660492]]}, "../../datasets/patin-flow-dataset-2/images/valid\\patin-flow-2_mp4-0131_jpg.rf.5dc37090fe2ceed17ed6ed26d3880269.jpg": {"shape": [640, 640], "labels": [[0.0, 0.4261406362056732, 0.22603124380111694, 0.11931250244379044, 0.26171875], [0.0, 0.5149219036102295, 0.14221875369548798, 0.12357812374830246, 0.08557812869548798]]}, "../../datasets/patin-flow-dataset-2/images/valid\\patin-flow-2_mp4-0150_jpg.rf.3cf266299ed86709644fa8ac48e180fa.jpg": {"shape": [640, 640], "labels": []}, "../../datasets/patin-flow-dataset-2/images/valid\\patin-flow-2_mp4-0152_jpg.rf.91e4973fa0a3c580143b95a3422ddeb9.jpg": {"shape": [640, 640], "labels": []}, "../../datasets/patin-flow-dataset-2/images/valid\\patin-flow-2_mp4-0153_jpg.rf.4ffb1d498acbd2d87b8d8c7ebd90f338.jpg": {"shape": [640, 640], "labels": []}, "../../datasets/patin-flow-dataset-2/images/valid\\patin-flow-2_mp4-0154_jpg.rf.e8204f006583f270a87d9d2e0d91f803.jpg": {"shape": [640, 640], "labels": []}, "../../datasets/patin-flow-dataset-2/images/valid\\patin-flow-2_mp4-0155_jpg.rf.183fcc8db3f7874a015d5e6a60a69c17.jpg": {"shape": [640, 640], "labels": []}, "../../datasets/patin-flow-dataset-2/images/valid\\patin-flow-2_mp4-0159_jpg.rf.894a474d976fcdd50d2f54b78fdcd036.jpg": {"shape": [640, 640], "labels": [[0.0, 0.19176562130451202, 0.17489062249660492, 0.13068750500679016, 0.12251562625169754]]}, "../../datasets/patin-flow-dataset-2/images/valid\\patin-flow-2_mp4-0163_jpg.rf.4b380e198feb0c74750902f9b48fa4af.jpg": {"shape": [640, 640], "labels": []}, "../../datasets/patin-flow-dataset-2/images/valid\\patin-flow-2_mp4-0167_jpg.rf.488803b435ea1b98f1eeb3cb43fccd12.jpg": {"shape": [640, 640], "labels": [[0.0, 0.8764218688011169, 0.8396718502044678, 0.20739062130451202, 0.25603124499320984], [0.0, 0.31889063119888306, 0.9474375247955322, 0.17471875250339508, 0.10510937869548798], [0.0, 0.18892186880111694, 0.8858281373977661, 0.07954687625169754, 0.19495312869548798]]}, "../../datasets/patin-flow-dataset-2/images/valid\\patin-flow-2_mp4-0169_jpg.rf.79475280f04b038a9d65f448b718154c.jpg": {"shape": [640, 640],